潜江市,2020,7652300,834500,3678100,2004
天门市,2020,6174900,902500,2738500,2622
神农架林区,2020,307257,24138,91246,3234
望城区,2020,8570389,566542,3264406,951
长沙县,2020,18083429,871314,9452038,1756
溧水区,2020,9115100,504200,4595700,1064
高淳区,2020,5131300,468700,2296800,790
锡山区,2020,9753800,165900,4844300,399
江阴市,2020,41137500,380400,20941100,987
宜兴市,2020,18322100,525300,9347400,1997
铜山区,2020,11815500,1052100,5717600,1871
丰县,2020,4865300,964000,1747000,1450
沛县,2020,8050200,1184700,3296500,1806
睢宁县,2020,6193400,1099200,2395700,1769
新沂市,2020,6922300,901000,2649100,1592
邳州市,2020,10012700,1593300,3963800,2085
武进区,2020,26072100,406000,13938100,1065
金坛区,2020,9731500,388400,4943300,976
溧阳市,2020,10863600,544400,5399800,1535
吴中区,2020,13437800,201800,5990700,2232
吴江区,2020,20028300,375000,10002000,1237
常熟市,2020,23654400,403400,11460700,1276
张家港市,2020,26866100,301000,13590100,987
昆山市,2020,42767600,309500,21491900,932
太仓市,2020,13860900,269600,6665300,810
通州区,2020,14625100,634300,7316300,1562
如东县,2020,11551100,908100,5610600,2791
启东市,2020,12231000,839600,5897500,1715
如皋市,2020,13052200,777100,6233000,1576
海门市,2020,14425700,687300,7101300,1144
海安市,2020,12216300,719000,6424200,1184
赣榆区,2020,6315800,1108800,2670600,1514
东海县,2020,5538100,854200,2193600,2037
灌云县,2020,3816400,795900,1320500,1538
灌南县,2020,3969400,667600,1760100,1028
淮安区,2020,6161000,831400,2524000,1452
淮阴区,2020,5497600,786700,2100400,1307
洪泽区,2020,3436500,412100,1322300,1273
涟水县,2020,5540500,719500,2285400,1679
盱眙县,2020,4353200,754700,1556500,2497
金湖县,2020,3370300,470300,1336500,1378
盐都区,2020,6069000,505500,2686700,1015
大丰区,2020,6867900,986400,2246100,3008
响水县,2020,4057300,514700,1823000,1474
滨海县,2020,5038600,711100,1940800,1950
阜宁县,2020,5742300,667000,2352000,1439
射阳县,2020,5923600,1038900,2076000,2606
建湖县,2020,5938900,538900,2470600,1157
东台市,2020,8933600,1242900,3165600,3176
邗江区,2020,11280100,237300,4130300,553
江都区,2020,11149100,733900,5449500,1330
宝应县,2020,7630400,843700,3572700,1462
仪征市,2020,8150500,236400,4295800,902
高邮市,2020,8381800,901700,4107300,1922
丹徒区,2020,4140300,217100,2058800,617
丹阳市,2020,11453600,504600,5875900,1047
扬中市,2020,4895900,164100,2521500,327
句容市,2020,6754700,526000,2834400,1378
姜堰区,2020,6874900,474600,3165900,858
兴化市,2020,9009200,1339600,3476300,2395
靖江市,2020,10048000,271500,5377700,656
泰兴市,2020,11274700,695100,5649700,1170
宿豫区,2020,3352500,337200,1450100,1237
沭阳县,2020,10112000,1075900,4105700,2299
泗阳县,2020,5285400,698500,2215200,1378
商河县,2020,1799393,480763,518552,1162
即墨区,2020,12783600,769700,6301900,1921
胶州市,2020,12258600,577900,5678000,1324
平度市,2020,7156900,1134400,2546200,3176
莱西市,2020,5518700,689100,1991200,1568
桓台县,2020,5885171,138203,3259684,509
高青县,2020,1814716,363424,702068,831
沂源县,2020,2696889,385324,1056721,1636
滕州市,2020,7530500,779600,3391600,1495
垦利区,2020,2673962,308185,1405954,2331
利津县,2020,2403441,348673,1122513,1301
广饶县,2020,6208026,470460,3715479,1166
蓬莱区,2020,4448176,996686,1249829,1204
龙口市,2020,10939666,359668,5282035,941
莱阳市,2020,4439876,565686,1777307,1730
莱州市,2020,6740758,867519,3001926,1949
招远市,2020,6975600,486396,2946156,1432
栖霞市,2020,2502142,537941,555843,1793
海阳市,2020,4203639,837481,1343944,1916
临朐县,2020,3218300,390900,1268100,1831
昌乐县,2020,3303400,479500,1182000,1101
青州市,2020,5647500,628000,2243600,1569
诸城市,2020,6527600,694400,2379700,2151
寿光市,2020,7865700,1063300,3269400,1990
安丘市,2020,3298300,537400,888600,1712
高密市,2020,5102500,484500,1628300,1527
昌邑市,2020,4504000,491900,1876300,1628
兖州区,2020,7089300,348900,3614200,650
微山县,2020,3888414,578500,1319964,1738
鱼台县,2020,1865273,497700,531853,653
金乡县,2020,2183893,677400,547328,888
嘉祥县,2020,2880378,418000,1213937,975
汶上县,2020,2255500,392900,859300,889
泗水县,2020,1857311,517500,478436,1118
梁山县,2020,2405500,570800,820000,961
曲阜市,2020,3653797,279500,1129315,815
邹城市,2020,8241183,606400,3942700,1617
宁阳县,2020,2517524,575130,885229,1124
东平县,2020,2168776,510547,694128,1340
新泰市,2020,5221000,577000,2024000,1934
肥城市,2020,7214823,566156,3609161,1278
文登区,2020,5566200,701100,2306300,1616
荣成市,2020,9432000,1352100,2990300,1528
乳山市,2020,2804100,538200,931000,1665
五莲县,2020,1972600,254600,739800,1497
莒县,2020,3857400,457700,1421900,1821
沂南县,2020,2329200,475600,808300,1719
郯城县,2020,3209400,358700,840800,1195
沂水县,2020,4441400,467200,1687600,2414
兰陵县,2020,2804900,689800,607700,1724
费县,2020,4084400,406500,2144700,1660
平邑县,2020,2448500,449600,746900,1823
莒南县,2020,2965800,502000,1285400,1751
蒙阴县,2020,1753900,364500,396500,1602
临沭县,2020,2048400,271200,657000,1010
陵城区,2020,2320100,341200,842900,1213
宁津县,2020,2402100,232000,1068200,833
庆云县,2020,1654900,123400,593100,501
临邑县,2020,2746959,300194,1209720,1016
齐河县,2020,3455200,430800,1655900,1411
平原县,2020,2383900,446700,769700,1047
夏津县,2020,1987600,256400,868200,882
武城县,2020,1801400,178800,838700,751
乐陵市,2020,2429000,413900,822000,1173
禹城市,2020,2476000,458500,719000,992
茌平区,2020,3036600,284400,1653200,1003
阳谷县,2020,2827300,594700,931200,1008
莘县,2020,2240400,700900,361100,1388
东阿县,2020,1471800,200500,694200,727
冠县,2020,2145100,536600,542300,1161
高唐县,2020,1512400,252100,530500,947
临清市,2020,2382200,312200,799700,951
沾化区,2020,1626220,409906,504421,2218
惠民县,2020,1973504,467266,575739,1362
阳信县,2020,2233886,311173,840654,798
无棣县,2020,3349236,451459,1548456,2090
博兴县,2020,3734225,249980,1525435,900
邹平市,2020,5588072,305120,2762394,1250
定陶区,2020,2132585,291306,758736,846
曹县,2020,4638209,483779,1860908,1974
单县,2020,3447550,487010,1154420,1647
成武县,2020,1553827,304663,358743,998
巨野县,2020,3493481,375905,1386837,1308
郓城县,2020,4365243,470432,2070044,1633
鄄城县,2020,2451917,323285,768505,1032
惠水县,2020,1391534,288268,507128,2472
三都水族自治县,2020,872046,238819,224207,2376
呈贡区,2020,5085885,59728,2023161,510
晋宁区,2020,1947709,317252,398807,1337
富民县,2020,1057278,160984,405501,994
呼兰区,2020,1024111,377184,150389,2036
阿城区,2020,2327301,222441,408466,2452
双城区,2020,2397535,1183265,344839,3112
依兰县,2020,1115564,290030,118261,4616
方正县,2020,661187,274668,90599,2976
宾县,2020,1733319,432677,178980,3843
巴彦县,2020,1227306,458777,75141,3139
木兰县,2020,826862,263946,61571,3600
通河县,2020,892324,343597,55949,5676
延寿县,2020,671468,186291,82555,3150
尚志市,2020,1784967,652073,222400,8891
五常市,2020,2832934,1113343,329645,7502
龙江县,2020,1259044,577811,341489,5887
依安县,2020,741794,377906,78365,3678
泰来县,2020,646868,294994,119731,3917
甘南县,2020,911785,448428,199802,4791
富裕县,2020,750472,360675,153340,4060
克山县,2020,684931,345522,68484,3320
克东县,2020,590089,181132,209631,2083
拜泉县,2020,634979,321922,57362,3599
讷河市,2020,1124678,553663,138664,6660
鸡东县,2020,868704,333159,148063,3243
虎林市,2020,1599744,1053400,151026,9334
密山市,2020,1409460,679810,126767,7731
萝北县,2020,1019258,495457,136125,6768
绥滨县,2020,599707,389300,12364,3344
集贤县,2020,725969,319259,74772,2258
友谊县,2020,426499,193372,33698,1647
宝清县,2020,1286825,847243,99906,10001
饶河县,2020,687181,482260,25268,6598
肇州县,2020,1373981,556657,217541,2446
肇源县,2020,1133277,537253,172205,4120
林甸县,2020,711638,321237,112336,3504
杜尔伯特蒙古族自治县,2020,1056165,456674,155353,6054
嘉荫县,2020,249426,140588,10918,6739
汤旺县,2020,151872,103528,9303,2148
丰林县,2020,223891,124571,24451,2971
大箐山县,2020,142783,71026,19475,3706
南岔县,2020,175803,42259,36677,3088
铁力市,2020,774006,416546,126347,3776
桦南县,2020,1226610,702194,209452,4417
桦川县,2020,691347,458994,60431,2268
汤原县,2020,696865,389778,92638,3420
同江市,2020,1109412,705401,56007,6229
富锦市,2020,1552287,753303,174513,8224
抚远市,2020,819470,609865,12830,6047
勃利县,2020,489678,174085,100920,2390
林口县,2020,705796,301188,65233,6638
绥芬河市,2020,501811,13292,74894,422
海林市,2020,1142408,307360,248141,8712
宁安市,2020,1165947,616081,72230,7227
穆棱市,2020,1311864,304464,503438,6040
东宁市,2020,723529,258885,167616,7117
逊克县,2020,397079,206357,80967,17344
孙吴县,2020,223349,93856,12957,4319
北安市,2020,1256078,376605,156095,7194
五大连池市,2020,1137948,675548,76386,8745
嫩江市,2020,2404602,1251543,324932,15109
望奎县,2020,775507,415064,65813,2316
兰西县,2020,743345,417467,48403,2484
青冈县,2020,806051,467374,107248,2685
庆安县,2020,874383,516072,103482,5467
明水县,2020,531549,315942,41457,2308
绥棱县,2020,524724,312638,25449,4238
安达市,2020,1817138,424831,271515,3586
肇东市,2020,2198538,1025034,318446,4323
海伦市,2020,1252752,817070,47744,4667
漠河市,2020,342842,110748,119320,18428
呼玛县,2020,170754,82150,8774,14335
塔河县,2020,216520,115195,12383,14059
灵武市,2020,5332318,135589,4414161,3846
平罗县,2020,1774370,285439,817342,2634
盐池县,2020,1153974,99362,619926,8377
同心县,2020,1029990,169690,355861,5667
青铜峡市,2020,1315242,247761,632339,2325
西吉县,2020,784640,228131,106889,4000
隆德县,2020,354755,77947,68167,991
泾源县,2020,219499,41436,36120,1443
彭阳县,2020,696554,159315,227475,3238
中宁县,2020,1643606,218470,826424,4307
奉贤区,2020,11901900,99800,7501600,733
崇明区,2020,3818300,225900,997100,1413
浦口区,2020,13859300,483400,4698300,911
江宁区,2020,25093200,705300,13286900,1563
六合区,2020,16760100,722600,9934200,1471
仁化县,2020,1035148,227614,425191,2223
翁源县,2020,1078469,286501,241418,2175
乳源瑶族自治县,2020,950349,86547,439683,2299
新丰县,2020,717781,141166,210079,1968
乐昌市,2020,1229803,286087,230593,2419
南雄市,2020,1162158,356265,229975,2326
斗门区,2020,4340112,451946,2070661,699
潮阳区,2020,4913135,319766,2739828,668
澄海区,2020,4605851,406748,2367135,345
南澳县,2020,325724,119828,52003,115
禅城区,2020,19117871,5052,6709606,154
南海区,2020,31775517,513717,17423516,1072
顺德区,2020,35936205,511610,21165805,807
三水区,2020,12511342,358363,8983183,828
高明区,2020,8823694,252301,6670858,938
新会区,2020,8122444,509097,4008932,1355
台山市,2020,4576000,1028365,1742590,3288
开平市,2020,3911459,478661,1670547,1657
鹤山市,2020,3747616,310696,1753939,1083
恩平市,2020,1917269,310347,493118,1694
遂溪县,2020,3867703,1348432,629794,2132
徐闻县,2020,1981444,1005589,189742,1979
廉江市,2020,4834950,1372163,1567690,2867
雷州市,2020,3273597,1366611,259135,3709
吴川市,2020,2784684,373002,850408,870
电白区,2020,6736724,1536899,2113320,2128
高州市,2020,6335793,1704455,1443063,3276
化州市,2020,5601820,1415754,1302919,2357
信宜市,2020,4880885,1431413,836022,3102
高要区,2020,4394979,995147,2161835,2186
广宁县,2020,1592840,524568,514017,2456
怀集县,2020,2469136,1067638,500389,3554
封开县,2020,1457750,552659,471965,2723
德庆县,2020,1569972,376898,603174,2003
四会市,2020,6076375,733327,3026565,1263
惠阳区,2020,6326653,207963,3833062,917
博罗县,2020,6190442,692042,3098008,2855
惠东县,2020,6076152,623143,2113502,3527
龙门县,2020,1657971,317507,679203,2267
梅县区,2020,2199533,566359,709199,2477
大埔县,2020,911029,269429,178562,2468
丰顺县,2020,1102260,263995,393349,2706
五华县,2020,1629655,421247,360513,3238
平远县,2020,778752,151641,210774,1381
蕉岭县,2020,1001280,173239,443850,957
兴宁市,2020,1791668,516986,268741,2075
海丰县,2020,3497657,386226,1571520,1312
陆河县,2020,890870,158330,234790,986
陆丰市,2020,3601000,710305,1156291,1561
紫金县,2020,1583712,334097,370650,3635
龙川县,2020,1619690,341187,355914,3081
连平县,2020,838703,192330,209005,2275
和平县,2020,1224393,234522,329890,2310
东源县,2020,1384867,229646,473442,4009
阳东区,2020,3072131,598541,1492077,1703
阳西县,2020,2035150,689553,571111,1435
阳春市,2020,3292191,787182,816234,4038
清新区,2020,2750816,563465,1096241,2354
佛冈县,2020,1329539,204196,551019,1295
阳山县,2020,1247749,494219,171120,3330
连山壮族瑶族自治县,2020,381306,110678,66046,1219
连南瑶族自治县,2020,569983,116475,141654,1241
英德市,2020,3484249,736439,1267844,5634
连州市,2020,1612079,476390,417251,2668
潮安区,2020,5471517,263036,3502731,1089
饶平县,2020,2827400,706900,917400,1732
揭东区,2020,4597051,420787,1977656,709
揭西县,2020,2400090,464241,689764,1347
惠来县,2020,2576923,577426,774041,1253
普宁市,2020,6135841,434399,2036970,1620
宝坻区,2020,3543725,309657,1173999,1468
宁河区,2020,3127800,275400,1095900,1032
静海区,2020,4329818,250035,1926757,1476
蓟州区,2020,2245984,341491,478983,1590
藁城区,2020,4257396,487675,1978042,836
当雄县,2020,220000,42400,79200,10229
尼木县,2020,101000,18800,37200,3270
曲水县,2020,182300,23700,106200,1611
墨竹工卡县,2020,392500,35500,288500,5494
桑珠孜区,2020,1248813,69701,473995,3665
南木林县,2020,143931,48272,46174,8848
江孜县,2020,270614,51019,63186,3849
定日县,2020,124900,29500,42700,13835
萨迦县,2020,150571,26667,88524,5749
拉孜县,2020,137337,37504,41593,4488
昂仁县,2020,121495,30797,41825,27360
谢通门县,2020,158475,26293,75449,14043
白朗县,2020,137420,41279,47169,2806
仁布县,2020,86924,12621,45407,2124
康马县,2020,71101,14505,32373,7453
定结县,2020,55020,10578,20099,5835
仲巴县,2020,100506,24655,38569,46143
亚东县,2020,95403,10653,29224,4241
吉隆县,2020,95769,10786,52067,9024
聂拉木县,2020,100028,12863,42607,7864
萨嘎县,2020,63074,10893,25192,12400
岗巴县,2020,66466,4778,24785,3939
卡若区,2020,780137,38113,357100,10794
江达县,2020,265989,35153,146525,13159
贡觉县,2020,118900,18354,41250,6323
类乌齐县,2020,156400,27033,73450,6358
丁青县,2020,193805,41622,74500,12369
察雅县,2020,160594,24155,79940,8256
八宿县,2020,143755,16022,65100,12564
左贡县,2020,149740,22142,52360,11840
芒康县,2020,279980,36672,141522,11649
洛隆县,2020,149800,26958,59800,8060
边坝县,2020,129800,24676,48953,8775
巴宜区,2020,954100,17500,374300,10238
工布江达县,2020,187500,24100,61400,12960
米林县,2020,196300,18100,89000,9495
墨脱县,2020,76300,4700,36500,31395
波密县,2020,298100,29900,106500,16791
察隅县,2020,114400,17100,47400,31408
朗县,2020,86800,11500,25500,4106
乃东区,2020,684200,14600,302600,2209
扎囊县,2020,180167,9156,113145,2150
贡嘎县,2020,213314,9196,113320,2386
桑日县,2020,202137,5327,148050,2634
琼结县,2020,60745,3863,29850,1036
曲松县,2020,96041,4368,50522,2070
措美县,2020,92283,3164,58323,4177
洛扎县,2020,77153,5155,42340,5031
加查县,2020,201916,9343,110516,4430
隆子县,2020,164963,8367,88147,10102
错那县,2020,81396,2900,42968,35191
浪卡子县,2020,100016,6053,53914,7970
色尼区,2020,730656,39719,274035,16195
嘉黎县,2020,92938,16115,33474,13069
比如县,2020,131874,32901,33956,11684
聂荣县,2020,91318,14551,34201,8991
安多县,2020,123557,16612,34660,100000
申扎县,2020,69816,10424,14474,25646
索县,2020,105114,16246,29308,5631
班戈县,2020,100620,19486,33744,30858
巴青县,2020,114597,22994,22820,9811
尼玛县,2020,97863,16203,20058,72530
双湖县,2020,55747,9649,12770,116637
普兰县,2020,57901,4794,21748,12500
札达县,2020,53921,4507,19743,24615
噶尔县,2020,284538,7550,121177,17670
日土县,2020,60391,9046,17907,77096
革吉县,2020,79764,14089,23456,46104
改则县,2020,100419,25531,24654,135616
措勤县,2020,69808,10585,20449,22136
泗洪县,2020,5254100,887800,1920200,2694
萧山区,2020,18284700,578687,6933816,1414
余杭区,2020,30516112,526208,6769291,1228
富阳区,2020,8120652,495083,3450240,1821
临安区,2020,6004051,460050,2800463,3119
农安县,2020,2923069,1381435,352966,5415
榆树市,2020,2694494,1289008,282018,4712
德惠市,2020,2493000,893000,346000,3461
公主岭市,2020,3147476,855788,675994,4111
永吉县,2020,679402,136617,196682,2399
蛟河市,2020,966999,279621,203371,6370
桦甸市,2020,1015031,343056,208209,6625
舒兰市,2020,1276944,571248,186508,4559
磐石市,2020,1293137,377068,332260,3861
梨树县,2020,1547470,857977,139477,3536
伊通满族自治县,2020,991637,475595,70245,2527
双辽市,2020,961488,431402,135116,3121
东丰县,2020,1389289,258371,308784,2522
东辽县,2020,917687,212249,157370,2189
通化县,2020,796947,105548,299285,3724
辉南县,2020,884749,227468,214135,2276
柳河县,2020,799220,211759,186296,3346
梅河口市,2020,2174675,226872,884529,2179
集安市,2020,680721,78006,148764,3341
江源区,2020,857272,86470,190846,1348
抚松县,2020,1070895,236428,162819,6159
靖宇县,2020,636877,75006,157113,3094
长白朝鲜族自治县,2020,362925,55865,76962,2506
临江市,2020,784536,82796,219589,3009
前郭尔罗斯蒙古族自治县,2020,1500714,634750,177788,6979
长岭县,2020,1510924,625923,163935,5736
乾安县,2020,680724,200170,155990,3617
扶余市,2020,1484301,611151,126534,4654
镇赉县,2020,826384,346921,87008,4719
通榆县,2020,834562,259562,126984,8476
洮南市,2020,885608,318640,67328,5017
大安市,2020,919553,241826,177212,4879
延吉市,2020,3145571,43909,1081538,1748
图们市,2020,254745,16870,79081,1147
敦化市,2020,1372281,233519,424872,11957
珲春市,2020,911089,64753,445019,5171
龙井市,2020,317696,44512,82922,2209
和龙市,2020,333381,52246,86878,5069
汪清县,2020,537311,138262,96207,8918
安图县,2020,396490,68677,120275,7444
五指山市,2020,340518,73662,68216,1143
琼海市,2020,2920957,945931,402062,1716
文昌市,2020,2635012,905991,525847,2459
万宁市,2020,2374047,726312,504532,1902
东方市,2020,1865011,505403,703031,2273
定安县,2020,1058763,381010,176538,1197
屯昌县,2020,889851,314347,107892,1224
澄迈县,2020,3483615,904000,823938,2076
临高县,2020,2042233,1262483,117932,1343
白沙黎族自治县,2020,568498,235891,69621,2117
昌江黎族自治县,2020,1241180,338171,494407,1621
乐东黎族自治县,2020,1511114,827778,188351,2766
陵水黎族自治县,2020,1955172,518400,305958,1108
保亭黎族苗族自治县,2020,562728,198588,60096,1153
琼中黎族苗族自治县,2020,590073,211461,91108,2704
綦江区,2020,7142672,783260,3251744,2749
大足区,2020,7005407,606123,3552096,1436
云和县,2020,869947,49084,439949,990
庆元县,2020,789300,75600,282600,1898
景宁畲族自治县,2020,747647,68049,168594,1939
龙泉市,2020,1471555,161787,511335,3044
长丰县,2020,6593988,760170,2657055,1841
武鸣区,2020,3193408,1285828,739265,3389
隆安县,2020,993852,420542,224632,2306
马山县,2020,901272,260896,199326,2341
上林县,2020,905743,276228,167348,1871
宾阳县,2020,2799583,609525,831909,2298
横县,2020,3204449,862647,999201,3448
柳江区,2020,3104620,426410,1264213,1773
柳城县,2020,1753296,522750,560268,2114
鹿寨县,2020,1912217,378851,810396,2975
融安县,2020,1083959,285692,325533,2898
融水苗族自治县,2020,1315057,200032,404030,4638
三江侗族自治县,2020,784434,205448,150923,2417
临桂区,2020,2314308,431537,707392,2247
阳朔县,2020,1079970,307902,216206,1436
灵川县,2020,1733982,520165,371587,2302
全州县,2020,1781101,709901,226411,3979
兴安县,2020,1477714,606589,315576,2333
永福县,2020,829681,277551,138630,2795
灌阳县,2020,715309,302565,118698,1835
龙胜各族自治县,2020,604037,133988,139216,2451
资源县,2020,503595,179605,66458,1941
平乐县,2020,1093874,556582,92765,1893
恭城瑶族自治县,2020,836908,399064,115820,2139
荔浦市,2020,1485715,300687,425821,1760
苍梧县,2020,523308,222532,105457,2782
藤县,2020,2266039,660068,596455,3946
蒙山县,2020,780008,162337,307043,1282
岑溪市,2020,2051514,469729,693113,2770
合浦县,2020,3035349,1074077,572117,2784
上思县,2020,758040,289066,204679,2814
东兴市,2020,782425,213917,126865,590
灵山县,2020,2901172,808376,441983,3558
浦北县,2020,2149717,607896,483476,2601
平南县,2020,2894543,654087,830885,2984
桂平市,2020,3624712,789625,1053158,4071
容县,2020,1829349,494228,420447,2255
陆川县,2020,2082344,443094,513427,1554
博白县,2020,2912144,974425,590089,3830
兴业县,2020,1650905,448495,517812,1468
北流市,2020,3196038,612376,880444,2452
右江区,2020,3234712,372558,1320945,3718
田阳区,2020,1541179,386965,771967,2373
田东县,2020,1648385,419801,680325,2811
德保县,2020,876150,141552,428547,2575
那坡县,2020,413012,104654,58685,2223
凌云县,2020,477207,107298,113965,2048
乐业县,2020,339978,102046,92764,2633
田林县,2020,684470,235167,181831,5524
西林县,2020,343551,152863,45177,2997
隆林各族自治县,2020,631900,159292,149968,3518
靖西市,2020,1309257,194996,594751,3326
平果市,2020,1837533,216553,872161,2457
八步区,2020,2646041,388310,871644,3667
昭平县,2020,914535,257917,211793,3224
钟山县,2020,1226019,199970,394929,1472
富川瑶族自治县,2020,919049,313129,279147,1540
金城江区,2020,2116579,158495,512773,2346
宜州区,2020,1232071,480736,205972,3857
南丹县,2020,1038518,161836,595197,3905
天峨县,2020,681619,99091,406855,3184
凤山县,2020,285520,79781,26366,1730
东兰县,2020,449048,117840,45726,2437
罗城仫佬族自治县,2020,583502,233958,47319,2651
环江毛南族自治县,2020,590568,211854,103498,4553
巴马瑶族自治县,2020,829909,142282,270925,1976
都安瑶族自治县,2020,719136,178500,105933,4088
大化瑶族自治县,2020,750656,122755,319258,2750
兴宾区,2020,3596655,755996,1116694,4404
忻城县,2020,739768,232354,166463,2522
象州县,2020,832766,293090,140758,1918
武宣县,2020,1089846,332444,246527,1704
金秀瑶族自治县,2020,444507,106375,114293,2469
合山市,2020,353685,46198,131555,366
江州区,2020,2067200,337123,599302,2918
扶绥县,2020,1693678,416707,634998,2841
宁明县,2020,977621,282132,247462,3704
龙州县,2020,898898,279939,179019,2311
大新县,2020,1016304,262742,325885,2748
天等县,2020,759854,161389,172061,2165
凭祥市,2020,676450,64051,167413,645
大兴区,2020,9327655,134835,2877451,1036
怀柔区,2020,3966074,43946,1590255,2123
平谷区,2020,2840976,128183,712898,948
密云区,2020,3385574,126293,852337,2230
延庆区,2020,1944775,61835,441749,1995
龙山县,2020,988613,259571,191295,3131
从化区,2020,3863100,301652,1213135,1975
增城区,2020,10626407,632011,4126262,1617
曲江区,2020,1923921,194471,1095764,1621
始兴县,2020,802475,237782,208206,2132
伊州区,2020,4549885,292166,2517374,80791
巴里坤哈萨克自治县,2020,764660,108564,424891,36901
伊吾县,2020,764566,48369,583761,19519
昌吉市,2020,4201747,436049,1328920,7971
阜康市,2020,1853115,325702,917179,8529
呼图壁县,2020,1393788,506671,290223,9518
玛纳斯县,2020,1534769,475202,467342,9155
奇台县,2020,1776218,356937,712413,16709
吉木萨尔县,2020,2625660,213784,1956085,8144
木垒哈萨克自治县,2020,487187,110200,140659,13582
博乐市,2020,1741018,397000,458596,7990
阿拉山口市,2020,839135,,264972,1204
精河县,2020,896786,324106,237388,11187
温泉县,2020,294431,101354,52179,5882
库尔勒市,2020,6549333,341281,4317770,7379
轮台县,2020,621190,185543,132648,14182
尉犁县,2020,769182,394252,61384,59192
若羌县,2020,541304,122894,288378,202298
且末县,2020,347961,107294,45628,138665
焉耆回族自治县,2020,663242,168661,202324,2429
和静县,2020,923890,235326,321307,34978
和硕县,2020,388837,154584,60845,12740
博湖县,2020,258000,79911,41588,3593
阿克苏市,2020,2512493,276198,620740,14415
库车市,2020,2888822,277465,1560108,14603
温宿县,2020,849831,273102,137000,14335
沙雅县,2020,858828,211975,244154,31848
新和县,2020,608909,179380,104341,5821
拜城县,2020,934270,148444,463225,19100
乌什县,2020,514776,109927,96137,9082
阿瓦提县,2020,628840,204270,97640,13018
柯坪县,2020,146793,28900,28441,8846
阿图什市,2020,697536,85379,154613,16161
阿克陶县,2020,478284,70567,143441,24046
阿合奇县,2020,156259,11880,37144,12737
乌恰县,2020,360311,11944,152694,22000
喀什市,2020,2382661,94318,510372,1059
疏附县,2020,500810,186297,69509,2708
疏勒县,2020,741748,276562,112310,2398
英吉沙县,2020,470523,141608,87949,3425
泽普县,2020,476984,187757,68410,988
莎车县,2020,1378078,461134,192948,8957
叶城县,2020,1094561,376627,173158,28329
麦盖提县,2020,632849,319383,53052,10889
岳普湖县,2020,357562,89774,60274,3327
伽师县,2020,707231,257435,129809,6528
巴楚县,2020,751068,265751,148199,18900
塔什库尔干塔吉克自治县,2020,177928,12674,53586,25000
和田市,2020,1142800,35600,157600,585
和田县,2020,463611,113761,80458,41080
墨玉县,2020,789400,237500,120800,25608
皮山县,2020,414581,90658,54540,38830
洛浦县,2020,426521,83078,77306,14114
策勒县,2020,268492,76404,28989,31592
于田县,2020,406300,101400,57500,39033
民丰县,2020,151361,26472,13607,56703
伊宁市,2020,2958733,85880,786114,693
奎屯市,2020,2026737,95917,1067108,1171
霍尔果斯市,2020,1938948,86728,148586,1909
伊宁县,2020,946585,322390,244744,6153
察布查尔锡伯自治县,2020,699592,290160,105687,4469
霍城县,2020,996284,318633,184755,2594
巩留县,2020,565821,208558,134601,4327
新源县,2020,1111782,333488,356153,7581
昭苏县,2020,458230,212536,30908,11128
特克斯县,2020,381840,130708,37555,8067
尼勒克县,2020,575521,189643,145951,10130
塔城市,2020,1066000,320000,135000,4356
乌苏市,2020,2141824,910497,508089,14394
额敏县,2020,1040963,346790,207713,9532
沙湾县,2020,2049000,1091000,273000,13110
托里县,2020,437661,107586,142613,21300
裕民县,2020,195727,78050,22199,6220
和布克赛尔蒙古自治县,2020,445095,112892,157130,30600
阿勒泰市,2020,1013759,137180,161145,10826
乌兰县,2020,309451,48429,171606,12256
都兰县,2020,443686,174820,168197,45270
天峻县,2020,208167,39376,49256,25989
永宁县,2020,1101948,196398,265114,1194
贺兰县,2020,1432909,212907,375605,1537
玛曲县,2020,216378,77168,20762,9637
碌曲县,2020,143809,48594,8452,5299
夏河县,2020,227013,78323,25441,6266
湟中区,2020,1687542,266140,853556,2444
大通回族土族自治县,2020,1185876,222068,597155,3090
宜良县,2020,2112550,703382,396615,1914
石林彝族自治县,2020,1170737,307270,161690,1680
嵩明县,2020,1526704,228550,434598,831
禄劝彝族苗族自治县,2020,1464998,416355,220413,4240
寻甸回族彝族自治县,2020,1437654,383477,243161,3588
安宁市,2020,5723616,209559,3446114,1301
沾益区,2020,3055331,598486,1160235,2815
马龙区,2020,915786,166240,399607,1598
陆良县,2020,2696864,847698,788014,1989
师宗县,2020,1720253,477610,530626,2784
罗平县,2020,2739074,710931,788292,3015
富源县,2020,2469632,585373,935849,3251
会泽县,2020,2876526,793666,833616,5884
宣威市,2020,4061245,971302,1168744,6053
江川区,2020,1467367,273556,449512,850
通海县,2020,1722550,261477,427120,740
华宁县,2020,1194838,264086,220129,1313
易门县,2020,1325161,155298,475109,1527
峨山彝族自治县,2020,1176238,175930,319680,1972
新平彝族傣族自治县,2020,2138601,295292,879253,4223
元江哈尼族彝族傣族自治县,2020,1242585,313028,336035,2858
澄江市,2020,1406387,132746,272604,773
施甸县,2020,900820,245816,240034,2009
龙陵县,2020,1229980,343267,502480,2884
昌宁县,2020,1631925,529740,604896,3888
腾冲市,2020,2823458,550417,1136653,5845
昭阳区,2020,3658440,376101,1588898,2193
鲁甸县,2020,824377,171272,291587,1484
巧家县,2020,1030288,353545,268803,3197
盐津县,2020,558044,147231,108346,2092
大关县,2020,419023,105327,83046,1721
永善县,2020,1396173,208907,835632,2778
绥江县,2020,370216,65423,102137,749
镇雄县,2020,2178227,392679,576359,3696
彝良县,2020,1011107,286548,287723,2799
威信县,2020,668338,121130,160349,1400
水富市,2020,774996,33675,524787,443
玉龙纳西族自治县,2020,901539,184947,322745,6200
永胜县,2020,1041005,285415,359481,4925
华坪县,2020,742056,100888,362398,2200
宁蒗彝族自治县,2020,673033,122039,200450,6026
思茅区,2020,2241116,209151,670888,4093
宁洱哈尼族彝族自治县,2020,672363,174084,177900,3666
墨江哈尼族自治县,2020,854487,244180,173688,5289
景东彝族自治县,2020,1099931,364564,180614,4532
景谷傣族彝族自治县,2020,1218671,403548,290863,7777
镇沅彝族哈尼族拉祜族自治县,2020,886102,290678,227465,4148
江城哈尼族彝族自治县,2020,503768,136055,111073,3544
孟连傣族拉祜族佤族自治县,2020,516768,172649,63508,1893
澜沧拉祜族自治县,2020,1200717,305207,343004,8807
西盟佤族自治县,2020,260250,51201,47206,1354
临翔区,2020,1702010,244890,374980,2557
凤庆县,2020,1472651,554760,366371,3324
云县,2020,1309020,453407,353221,3659
永德县,2020,832493,251088,199176,3220
镇康县,2020,569257,147188,157824,2529
双江拉祜族佤族布朗族傣族自治县,2020,597354,168028,140853,2157
耿马傣族佤族自治县,2020,1214701,451894,313517,3728
沧源佤族自治县,2020,515706,152139,132434,2446
楚雄市,2020,4851437,402600,2436414,4433
双柏县,2020,609713,162355,200339,3888
牟定县,2020,776425,182176,317903,1450
南华县,2020,969990,235312,327809,2343
姚安县,2020,742889,234728,204390,1699
大姚县,2020,1094738,298914,401015,4031
永仁县,2020,550105,136521,167379,2150
元谋县,2020,961054,249051,297991,2026
武定县,2020,1083660,263166,347982,3322
禄丰县,2020,2081600,454509,757721,3631
个旧市,2020,3390952,222086,1728973,1587
开远市,2020,2692403,280206,1057398,1940
蒙自市,2020,3908458,370957,1637129,2228
弥勒市,2020,4420010,446511,2242950,4004
屏边苗族自治县,2020,610411,106999,229019,1844
建水县,2020,2240075,467863,519015,3782
石屏县,2020,1330240,365097,475876,3042
泸西县,2020,1522895,318604,373416,1674
元阳县,2020,836261,207838,182720,2212
红河县,2020,704780,188363,154318,2029
金平苗族瑶族傣族自治县,2020,890071,184501,317566,3677
绿春县,2020,526070,135012,148860,3093
河口瑶族自治县,2020,1102152,153800,337197,1332
文山市,2020,3244531,271431,1371400,2977
砚山县,2020,1783850,383085,514950,3822
西畴县,2020,563525,156861,139821,1506
麻栗坡县,2020,866795,173072,314120,2334
马关县,2020,1222052,276005,425640,2676
丘北县,2020,1226040,349212,320616,4997
广南县,2020,1669581,490747,468740,7810
富宁县,2020,1274790,312364,412485,5352
景洪市,2020,3166427,509964,876936,6867
勐海县,2020,1607296,398784,455642,5368
勐腊县,2020,1268081,473811,183036,6861
大理市,2020,4728457,257701,1424326,1815
漾濞彝族自治县,2020,351730,114630,79788,1860
祥云县,2020,1930988,480465,560563,2425
宾川县,2020,1432617,639444,239138,2627
弥渡县,2020,859903,306476,157922,1524
南涧彝族自治县,2020,793847,208190,212980,1739
巍山彝族回族自治县,2020,910523,315304,190294,2181
永平县,2020,643517,243150,129707,2884
云龙县,2020,704293,164420,279248,4457
洱源县,2020,780854,306384,132365,2614
剑川县,2020,589678,122472,178734,2250
鹤庆县,2020,1113980,231274,474301,2395
瑞丽市,2020,1670166,148291,260241,945
芒市,2020,1772150,345330,347868,2901
梁河县,2020,404376,103698,94414,1137
盈江县,2020,1180330,369439,365527,4317
陇川县,2020,728340,237346,147168,1873
泸水市,2020,791583,110478,257834,3088
福贡县,2020,241583,44021,64605,2745
贡山独龙族怒族自治县,2020,188113,34930,52155,4379
兰坪白族普米族自治县,2020,886005,116917,365462,4372
香格里拉市,2020,1615364,71898,669624,11419
德钦县,2020,418934,25856,163872,7291
维西傈僳族自治县,2020,635107,87706,193203,4477
堆龙德庆区,2020,1180500,27100,624100,2718
达孜区,2020,190200,25000,95400,1361
林周县,2020,153500,36000,52700,4464
鹿泉区,2020,3008701,194177,1078050,603
栾城区,2020,1734453,154399,684272,326
井陉县,2020,999584,113957,311217,1381
正定县,2020,2932734,420679,713307,468
行唐县,2020,1227995,394866,190236,1025
灵寿县,2020,1091037,309424,171640,1066
高邑县,2020,715132,151115,209555,222
深泽县,2020,737213,157777,225712,296
赞皇县,2020,787138,208238,209056,1210
无极县,2020,1313378,321534,357558,524
平山县,2020,2480659,184479,1463893,2648
元氏县,2020,1611768,220531,432134,675
赵县,2020,1441522,274221,363220,674
辛集市,2020,4263981,578250,2661586,951
晋州市,2020,1625535,413722,370328,619
新乐市,2020,1489395,369459,370330,525
丰南区,2020,6808977,500292,3489440,1288
丰润区,2020,9296218,400953,6095808,1154
曹妃甸区,2020,6823695,359683,3589211,1408
滦南县,2020,2910993,942553,944136,1483
乐亭县,2020,3730340,901405,1670048,1020
迁西县,2020,3224973,245417,2030352,1461
玉田县,2020,2805157,693698,1166561,1170
遵化市,2020,4502431,559351,1918260,1514
迁安市,2020,10069082,340483,6559078,1227
滦州市,2020,4161327,517666,2421712,1027
抚宁区,2020,1320052,383728,321128,968
青龙满族自治县,2020,1266194,494661,249122,3510
昌黎县,2020,3020766,692995,1201567,1212
卢龙县,2020,1217101,404760,311373,956
肥乡区,2020,1580727,296415,509341,503
永年区,2020,2328912,406701,983878,761
临漳县,2020,1642415,255317,662954,742
成安县,2020,1657770,267578,792931,482
大名县,2020,1579552,301932,444352,1053
涉县,2020,1728190,121829,778138,1509
磁县,2020,842088,129750,251057,695
邱县,2020,981712,159880,416618,449
鸡泽县,2020,983179,156728,406731,336
广平县,2020,933613,112651,341155,314
馆陶县,2020,962478,225979,212110,456
魏县,2020,2065002,402356,831749,864
曲周县,2020,1263998,246535,519127,677
武安市,2020,6678110,346707,4068941,1806
信都区,2020,3047650,141375,1299099,1942
任泽区,2020,643666,141542,215406,431
南和区,2020,838224,239808,220834,405
临城县,2020,516870,95145,128827,797
内丘县,2020,710376,152368,178575,788
柏乡县,2020,474450,103754,191709,268
隆尧县,2020,1124379,264573,389412,749
宁晋县,2020,2565274,316269,1330561,1111
巨鹿县,2020,1031431,320217,257396,631
新河县,2020,562172,151403,219389,366
广宗县,2020,647092,144562,230103,504
平乡县,2020,924773,172916,332175,406
威县,2020,1136231,312874,270135,1012
清河县,2020,1477080,72532,604609,501
临西县,2020,800947,161214,205488,542
南宫市,2020,1234753,221343,455396,861
沙河市,2020,1917692,74861,771732,859
满城区,2020,1265772,242605,313391,658
清苑区,2020,1448799,352342,392828,867
徐水区,2020,2491724,242012,1347852,723
涞水县,2020,917658,187674,146553,1662
阜平县,2020,501488,152790,60833,2496
定兴县,2020,1672106,315454,530823,714
唐县,2020,1246341,333345,395539,1414
高阳县,2020,1014048,69100,444313,441
容城县,2020,890076,44701,412949,314
涞源县,2020,701063,86885,187858,2431
望都县,2020,699650,168094,187131,358
安新县,2020,759635,83920,210475,779
易县,2020,1183192,341221,198024,2535
曲阳县,2020,1215231,177184,334298,1084
蠡县,2020,1188636,175692,372458,653
顺平县,2020,772098,246276,164873,712
博野县,2020,559608,156394,121141,331
雄县,2020,836178,61639,263524,678
涿州市,2020,3513351,241799,731338,751
定州市,2020,3419959,805180,1198301,1284
安国市,2020,1068816,227506,211076,486
高碑店市,2020,2069209,165798,815833,620
万全区,2020,744700,119775,216248,1162
崇礼区,2020,341211,59785,81475,2324
张北县,2020,1217754,334516,397045,3854
康保县,2020,614619,231157,189027,3365
沽源县,2020,661068,284860,169185,3363
尚义县,2020,526058,236656,129578,2601
蔚县,2020,840616,151171,136743,3198
阳原县,2020,540718,122089,146803,1839
怀安县,2020,935573,89250,557873,1698
怀来县,2020,1338885,170257,165935,1801
涿鹿县,2020,901377,137509,206258,2802
赤城县,2020,655474,290812,80455,5273
承德县,2020,1310930,462741,285371,3648
兴隆县,2020,1143083,270753,340848,3117
滦平县,2020,1588626,362887,559162,2993
隆化县,2020,1532733,563587,286299,5473
丰宁满族自治县,2020,1312585,336236,403960,8750
宽城满族自治县,2020,1571083,217956,697727,1936
围场满族蒙古族自治县,2020,1642375,624417,391841,9037
平泉市,2020,1438686,473012,244922,3294
沧县,2020,2281072,257954,842030,1520
青县,2020,2010578,449225,620287,992
东光县,2020,1559654,133437,486997,710
海兴县,2020,587560,124134,153807,868
盐山县,2020,1349026,116188,648320,795
肃宁县,2020,1359811,249866,201072,516
南皮县,2020,1068629,194102,334346,790
吴桥县,2020,880211,172200,147177,582
献县,2020,1951253,339111,773100,1173
孟村回族自治县,2020,900126,77445,444151,387
泊头市,2020,2475008,197664,1018340,1009
任丘市,2020,5714560,135674,2614101,872
黄骅市,2020,2591255,352304,741313,1718
河间市,2020,2496449,194487,867297,1322
固安县,2020,3351647,448600,614216,703
永清县,2020,2201447,680289,427755,776
香河县,2020,2349463,206209,576865,448
大城县,2020,1762333,184251,784511,897
文安县,2020,2000349,129340,1021838,1037
大厂回族自治县,2020,1759260,46263,253674,176
霸州市,2020,4088108,115349,2120280,802
三河市,2020,5315539,192512,1451586,643
冀州区,2020,1110084,119763,304898,878
枣强县,2020,1159122,145580,358659,905
武邑县,2020,878225,271661,163946,800
武强县,2020,694789,107244,235031,443
饶阳县,2020,947126,348716,155539,572
安平县,2020,1398087,183636,480734,496
故城县,2020,1124003,264237,277162,941
景县,2020,1688118,189094,590079,1188
阜城县,2020,826874,203804,217216,695
深州市,2020,1593161,398204,421733,1245
额济纳旗,2020,381148,24646,102497,114606
辽中区,2020,2005275,795588,318692,1470
康平县,2020,1146450,356190,290404,2167
法库县,2020,1833200,435500,408300,2320
新民市,2020,2578576,836392,571689,3318
长海县,2020,842242,521899,16644,142
瓦房店市,2020,8061859,1071252,3790424,3643
庄河市,2020,5015406,1192802,2011365,4114
台安县,2020,1483293,341793,441270,1393
岫岩满族自治县,2020,1444187,254581,345441,4502
海城市,2020,5479264,435396,1950837,2566
抚顺县,2020,304037,98562,141567,1697
新宾满族自治县,2020,521344,179284,73782,4287
清原满族自治县,2020,585555,189048,122250,3921
本溪满族自治县,2020,1246875,185217,405150,3342
桓仁满族自治县,2020,1022375,221450,238578,3547
宽甸满族自治县,2020,952485,266183,251109,6135
东港市,2020,2193981,795425,426843,2399
凤城市,2020,1659362,307042,509153,5515
黑山县,2020,1235892,558011,117433,2497
义县,2020,1001096,390616,212987,2476
凌海市,2020,1461310,531789,270439,2555
北镇市,2020,1085003,462275,89876,1694
盖州市,2020,1591993,440379,405688,2946
大石桥市,2020,2688685,396313,1054415,1610
阜新蒙古族自治县,2020,1496183,594224,277811,6218
彰武县,2020,1143069,520941,208761,3623
辽阳县,2020,1380757,370436,422086,2499
灯塔市,2020,1555640,334377,501151,1170
大洼区,2020,2978752,551656,1422097,1717
盘山县,2020,2016910,446557,1054671,2036
铁岭县,2020,1156911,293085,382323,2250
西丰县,2020,533093,245325,62625,2683
昌图县,2020,1384119,661217,167686,4324
调兵山市,2020,999760,35591,617728,262
开原市,2020,1078830,387024,186376,2838
朝阳县,2020,1025593,357003,216330,3758
建平县,2020,1177801,363640,259785,4868
喀喇沁左翼蒙古族自治县,2020,1004550,365487,184626,2232
北票市,2020,1245421,380554,295043,4419
济源市,2020,7031600,292300,4221500,1899
阳新县,2020,2818200,629500,931600,2794
大冶市,2020,6471800,514900,3789100,1566
郧阳区,2020,1679920,325427,718696,3832
郧西县,2020,951487,252168,192660,3509
海原县,2020,814432,165444,151138,6378
乌鲁木齐县,2020,282336,75467,62874,4211
高昌区,2020,1186223,271222,225016,13651
鄯善县,2020,1522837,216732,812745,39548
托克逊县,2020,1025074,114299,598471,16561
浏阳市,2020,14930034,1287515,7646409,4997
宁乡市,2020,11059229,1315956,4664846,2906
渌口区,2020,1503427,247815,637133,1054
攸县,2020,4205568,729889,1449791,2649
茶陵县,2020,2243234,392536,753089,2496
炎陵县,2020,885189,146679,345777,2030
醴陵市,2020,7375502,715060,3837735,2157
湘潭县,2020,5010397,686665,2688608,2140
湘乡市,2020,5002414,674287,2474856,1967
韶山市,2020,970798,75142,419217,247
衡阳县,2020,3624553,720873,1311403,2559
衡南县,2020,3560073,709847,1228881,2614
衡山县,2020,1737827,380360,669180,935
衡东县,2020,2908135,516848,981853,1927
祁东县,2020,3087084,616553,925180,1871
耒阳市,2020,3945808,678699,1102270,2648
常宁市,2020,3509097,582566,1108907,2048
新邵县,2020,1668595,393803,478879,1762
邵阳县,2020,1806104,461939,533405,2001
隆回县,2020,2330110,500985,597220,2868
洞口县,2020,1893080,619612,445610,2180
绥宁县,2020,1006616,244833,264604,2917
新宁县,2020,1164110,331686,270517,2756
城步苗族自治县,2020,564606,124662,133510,2588
武冈市,2020,1721924,580836,385599,1539
邵东市,2020,6167380,579229,2177328,1779
岳阳县,2020,3628368,697133,1509510,2810
华容县,2020,3703018,918324,1177006,1591
湘阴县,2020,3397951,716730,1248779,1541
平江县,2020,3307892,597489,1188570,4114
汨罗市,2020,5175770,625414,2286531,1670
临湘市,2020,3050624,416453,1299567,1719
安乡县,2020,2222843,443551,620148,1086
汉寿县,2020,3162938,574441,1107489,2091
澧县,2020,3859593,579073,1220197,2076
临澧县,2020,2045678,370901,717372,1204
桃源县,2020,4298318,972492,1350152,4442
石门县,2020,3136059,521051,1105719,3970
津市市,2020,1815664,284069,763067,556
慈利县,2020,1818324,385116,330003,3492
桑植县,2020,1009208,161713,158421,3475
南县,2020,2803031,756120,779044,1444
桃江县,2020,2798785,469629,1296364,2068
安化县,2020,2401231,511789,795890,4945
沅江市,2020,2700294,688199,1055865,2129
桂阳县,2020,3768459,583165,1406197,2958
宜章县,2020,2202308,284544,748137,2118
永兴县,2020,3149330,348254,1161609,1980
嘉禾县,2020,1436031,239252,559554,700
临武县,2020,1461276,176443,631679,1383
汝城县,2020,914210,176888,241800,2401
桂东县,2020,461554,68742,115623,1452
安仁县,2020,1149541,258387,353415,1462
资兴市,2020,3268259,349635,1742776,2730
祁阳县,2020,3463477,581813,1063335,2538
东安县,2020,1941686,428552,689452,2205
双牌县,2020,785975,193953,289807,1726
道县,2020,2246664,470958,613907,2448
江永县,2020,823265,268986,198816,1629
宁远县,2020,2323706,361677,733010,2501
蓝山县,2020,1274664,199662,547351,1798
新田县,2020,983698,234399,259421,1000
江华瑶族自治县,2020,1376866,311063,472639,3234
中方县,2020,1240434,181756,583765,1516
沅陵县,2020,1772595,306408,771192,5833
辰溪县,2020,1173052,228595,261112,1987
溆浦县,2020,1836741,424977,447422,3429
会同县,2020,905455,169744,129215,2259
麻阳苗族自治县,2020,913928,210614,265744,1566
新晃侗族自治县,2020,716710,121745,205883,1502
芷江侗族自治县,2020,1059528,243065,278693,2095
靖州苗族侗族自治县,2020,876468,175968,248827,2208
通道侗族自治县,2020,558573,91927,161286,2223
洪江市,2020,1657068,320142,639948,2283
双峰县,2020,2660030,571039,823723,1594
新化县,2020,2869461,571190,831115,3636
冷水江市,2020,2382743,123271,1064365,438
涟源市,2020,3029166,503943,1040436,1830
吉首市,2020,1976225,101692,687458,1078
泸溪县,2020,723373,115162,257467,1566
凤凰县,2020,894134,125307,173726,1734
花垣县,2020,753618,95244,253895,1109
保靖县,2020,733123,114489,268217,1755
古丈县,2020,317286,80802,69848,1286
永顺县,2020,883010,224500,148473,3812
温江区,2020,6238376,231542,2332797,276
双流区,2020,16122292,418833,4335271,1038
郫都区,2020,12336202,295473,7018298,437
新津区,2020,4005909,233018,1653596,329
金堂县,2020,4688881,659710,1816616,1156
大邑县,2020,3006678,476227,1160535,1284
蒲江县,2020,1781848,250928,611706,580
都江堰市,2020,4416962,367610,1462724,1208
彭州市,2020,5073716,667131,2604040,1421
邛崃市,2020,3508380,537305,1442466,1377
崇州市,2020,4058530,502317,1909233,1089
简阳市,2020,5519345,987749,1295613,2214
荣县,2020,2305145,782028,713225,1605
富顺县,2020,3377412,719140,1395433,1342
米易县,2020,1556848,341005,642843,2105
盐边县,2020,1282882,282039,696258,3289
泸县,2020,3938671,644197,2092194,1525
合江县,2020,2555862,475653,1121712,2414
叙永县,2020,1471522,348442,458094,2973
古蔺县,2020,1797685,336629,687053,3184
罗江区,2020,1483974,250535,787239,448
中江县,2020,3912730,941296,1459218,2200
广汉市,2020,4289629,387787,2171196,549
什邡市,2020,3726983,363020,1856244,820
绵竹市,2020,3540453,365034,1855258,1246
安州区,2020,1961832,345362,848716,1181
三台县,2020,4074500,990959,1248945,2659
盐亭县,2020,1744268,444649,424435,1645
梓潼县,2020,1489367,367276,455059,1444
北川羌族自治县,2020,791155,146613,198939,3083
平武县,2020,578922,112443,202391,5946
江油市,2020,4777350,611082,1981979,2720
旺苍县,2020,1388903,282120,620920,2976
青川县,2020,520730,126768,135176,3215
剑阁县,2020,1555281,446783,519158,3203
苍溪县,2020,1797628,509332,529652,2334
蓬溪县,2020,1822907,356857,769551,1251
大英县,2020,1831078,337687,749392,701
射洪市,2020,4140563,724057,2082618,1496
威远县,2020,3558030,508939,1562259,1290
资中县,2020,2837805,848800,805333,1735
隆昌市,2020,2990269,469185,970784,794
犍为县,2020,2328344,486296,919680,1375
井研县,2020,1295204,367077,396166,840
夹江县,2020,2146653,355303,1033850,743
沐川县,2020,783947,209027,268844,1407
峨边彝族自治县,2020,575620,90380,268322,2381
马边彝族自治县,2020,539695,130620,199049,2293
峨眉山市,2020,3518955,342433,1180700,1181
南部县,2020,4201617,784865,1965225,2229
营山县,2020,2211107,519229,695530,1635
蓬安县,2020,1801199,457840,627572,1331
仪陇县,2020,2486927,669725,870516,1773
西充县,2020,1819791,436574,595300,1107
阆中市,2020,2653764,617104,834014,1875
彭山区,2020,1833889,177968,825076,467
仁寿县,2020,4573782,953357,1624857,2608
洪雅县,2020,1291060,219378,359509,1897
丹棱县,2020,725732,145265,248501,449
青神县,2020,898217,122898,350789,387
南溪区,2020,1916191,328591,862066,677
叙州区,2020,5066672,545534,2454102,2572
江安县,2020,1862565,361173,697672,948
长宁县,2020,1800782,337679,729420,942
高县,2020,1685334,313440,627769,1320
珙县,2020,1711838,283500,702489,1145
筠连县,2020,1461768,308341,481500,1256
兴文县,2020,1475630,292931,407712,1380
屏山县,2020,866745,236481,260318,1504
岳池县,2020,2621703,565091,783171,1479
武胜县,2020,2486239,544517,734783,956
邻水县,2020,2432935,514106,717359,1908
华蓥市,2020,1712281,156829,830672,464
达川区,2020,3636180,636058,1303812,2247
宣汉县,2020,4002056,793960,1592336,4272
开江县,2020,1446386,364520,391580,1032
大竹县,2020,3872982,675362,1490095,2079
渠县,2020,3471424,799213,1014130,2018
万源市,2020,1341596,392416,304151,4053
名山区,2020,1000919,298904,306423,618
荥经县,2020,769587,140670,241880,1777
汉源县,2020,1105843,268183,295808,2215
石棉县,2020,1023761,164022,334080,2679
天全县,2020,706995,136971,220552,2390
芦山县,2020,508093,123623,165367,1191
宝兴县,2020,345309,70969,126632,3114
通江县,2020,1340371,343938,356447,4120
南江县,2020,1398229,313288,439552,3390
平昌县,2020,1830696,382775,584653,2229
安岳县,2020,2650180,777425,527897,2690
乐至县,2020,1951089,381649,593917,1424
马尔康市,2020,542266,38156,150943,6626
汶川县,2020,747499,117887,312639,4084
理县,2020,290176,36049,78039,4318
茂县,2020,430248,89102,158762,3897
松潘县,2020,259501,53818,26412,8342
九寨沟县,2020,306868,30003,49934,5288
金川县,2020,206739,43411,14461,5355
小金县,2020,243681,44201,44578,5565
黑水县,2020,285615,48718,90065,4142
壤塘县,2020,132089,38093,5526,6640
阿坝县,2020,189054,62946,11249,10125
若尔盖县,2020,300841,139679,12666,10326
红原县,2020,182892,78620,9192,8296
康定市,2020,1099615,66746,460703,11486
泸定县,2020,292719,48216,84100,2165
丹巴县,2020,219132,42030,61895,4656
九龙县,2020,279338,40776,141189,6766
雅江县,2020,160471,33045,28874,7558
道孚县,2020,137806,32239,13600,7053
炉霍县,2020,128471,34715,14838,4601
甘孜县,2020,177955,60007,9455,7303
新龙县,2020,132813,38750,8823,8570
德格县,2020,164290,59002,10166,11025
白玉县,2020,201095,45048,63879,10386
石渠县,2020,195637,63294,15477,24944
色达县,2020,148568,52363,8654,9332
理塘县,2020,196275,65735,18006,13677
巴塘县,2020,175706,48600,25564,7852
乡城县,2020,152857,28605,50005,5016
稻城县,2020,132698,23964,10912,7323
得荣县,2020,110749,23586,27304,2916
西昌市,2020,5736179,552159,2316158,2888
木里藏族自治县,2020,545257,89002,250348,13223
盐源县,2020,1372949,502256,489307,8412
德昌县,2020,800329,233314,206050,2284
会理县,2020,1759531,561369,493283,4518
会东县,2020,1402581,526251,347718,3227
宁南县,2020,670067,239189,151283,1670
普格县,2020,330553,107867,56666,1905
布拖县,2020,353501,121733,57227,1684
金阳县,2020,413935,99237,115473,1587
昭觉县,2020,416090,138956,53962,2560
喜德县,2020,328673,95990,38800,2182
冕宁县,2020,1183088,278755,472040,4423
永昌县,2020,872036,219697,236352,5877
靖远县,2020,757135,386642,100913,5792
会宁县,2020,724664,305534,69015,6439
景泰县,2020,619830,195720,166609,5485
清水县,2020,368595,131735,19454,2012
秦安县,2020,793826,208390,80969,1599
甘谷县,2020,793121,214202,128264,1574
武山县,2020,654031,248014,74228,2011
张家川回族自治县,2020,309061,99458,22142,1312
凉州区,2020,3351111,849684,590433,4907
民勤县,2020,813414,390954,91309,15835
古浪县,2020,611137,244873,60396,5047
天祝藏族自治县,2020,488481,131543,109065,7150
甘州区,2020,2022003,446230,335700,3661
肃南裕固族自治县,2020,302469,78921,105992,23887
民乐县,2020,600166,203707,103517,3687
临泽县,2020,574461,208107,84432,2729
高台县,2020,554086,198171,85827,4347
山丹县,2020,617325,151025,154429,5402
崆峒区,2020,1517321,152015,366589,1936
泾川县,2020,403599,111954,48918,1409
灵台县,2020,335615,115519,29039,1976
崇信县,2020,396345,90337,179887,850
庄浪县,2020,682778,251653,62752,1553
静宁县,2020,769766,313837,104474,2194
华亭市,2020,656181,63201,375376,1182
肃州区,2020,2037061,351658,496207,3386
金塔县,2020,656501,271878,151694,16664
瓜州县,2020,966855,168051,446769,24130
肃北蒙古族自治县,2020,169103,12314,73502,66748
阿克塞哈萨克族自治县,2020,102126,10620,29998,29211
玉门市,2020,1868053,210478,1338148,13496
敦煌市,2020,777775,108240,175207,31200
西峰区,2020,2484526,71157,1149593,999
庆城县,2020,787270,108267,447343,2692
环县,2020,1096410,167150,568984,9236
华池县,2020,967396,60765,750179,3791
合水县,2020,577128,68570,350632,2933
正宁县,2020,246504,55979,19085,1320
宁县,2020,596122,188451,90690,2653
镇原县,2020,790122,254054,187099,3500
安定区,2020,1147632,175488,202567,3639
通渭县,2020,547284,108586,71280,2910
陇西县,2020,768853,145108,136117,2409
渭源县,2020,400811,140669,32659,2066
临洮县,2020,793586,152098,158252,2855
漳县,2020,243710,55765,48498,2166
岷县,2020,511680,107029,51688,3574
武都区,2020,1372699,226050,134983,4642
成县,2020,655989,83032,275605,1677
文县,2020,557148,68729,299206,5003
宕昌县,2020,307834,75182,12775,3331
康县,2020,233877,43107,34318,2968
西和县,2020,336356,76795,51784,1862
礼县,2020,433153,110624,48624,4300
徽县,2020,510047,104886,168520,2722
两当县,2020,110795,35458,3665,1409
临夏市,2020,959231,21186,138709,89
临夏县,2020,448146,97519,66110,1213
康乐县,2020,223768,68567,52262,1083
永靖县,2020,605053,139030,203718,1864
广河县,2020,179909,40994,33677,538
和政县,2020,271080,39870,43657,960
东乡族自治县,2020,361935,86776,62316,1511
积石山保安族东乡族撒拉族自治县,2020,263643,43014,12437,910
合作市,2020,571457,36007,94731,2091
临潭县,2020,261329,52084,22844,1417
卓尼县,2020,290541,57214,51660,5139
舟曲县,2020,286080,48040,27789,3015
迭部县,2020,194009,43082,39835,4709
凌源市,2020,1502345,472858,247051,3282
绥中县,2020,1668304,600626,354079,2781
建昌县,2020,846996,268636,123785,3195
兴城市,2020,1336709,333179,272806,2103
九台区,2020,2364947,577058,581810,3375
德兴市,2020,1659582,207239,580715,2080
长清区,2020,3388019,339095,1621497,1209
章丘区,2020,10024591,821421,5239001,1719
济阳区,2020,2584590,458962,1211374,1099
平阴县,2020,2332968,342010,1304397,715
石柱土家族自治县,2020,1710536,313008,486329,3014
秀山土家族苗族自治县,2020,3012682,315723,1187002,2453
酉阳土家族苗族自治县,2020,2011515,402065,349848,5173
彭水苗族土家族自治县,2020,2450974,371787,797813,3903
新都区,2020,8779497,368660,2751445,497
新建区,2020,4472792,713988,1822189,2431
南昌县,2020,17931337,748009,11264926,1811
安义县,2020,1092728,149024,425077,660
进贤县,2020,2901331,703513,1203330,1946
浮梁县,2020,1418716,204528,702302,2851
乐平市,2020,3532565,407976,1632681,1980
莲花县,2020,639563,110202,191472,1072
上栗县,2020,1685243,187317,840879,727
芦溪县,2020,1153901,226561,461778,961
柴桑区,2020,1775305,204650,790623,917
武宁县,2020,1750933,222615,741221,3504
修水县,2020,2570132,295152,1013045,4504
永修县,2020,2506236,263630,1334362,2047
德安县,2020,1496411,102813,909560,858
都昌县,2020,2157941,315077,832017,2227
湖口县,2020,2453643,160813,1645068,674
彭泽县,2020,1743111,262089,832019,1534
瑞昌市,2020,2671546,211473,1530375,1419
共青城市,2020,1714702,79037,884626,309
庐山市,2020,1450291,102298,517804,765
分宜县,2020,1881196,221526,665755,1389
余江区,2020,1644507,231054,774524,931
贵溪市,2020,5061692,394451,3007445,2493
南康区,2020,3546026,257676,1486708,1829
赣县区,2020,2022800,240500,622100,2990
信丰县,2020,2449389,418438,884540,2866
大余县,2020,1109422,142592,456567,1344
上犹县,2020,924725,152148,339596,1542
崇义县,2020,891504,111462,350111,2208
安远县,2020,921154,216887,228333,2350
定南县,2020,870712,126622,288381,1321
全南县,2020,869619,158024,336659,1535
宁都县,2020,2193073,454490,590603,4049
于都县,2020,2794263,322152,1066091,2892
兴国县,2020,2011076,348684,614071,3215
会昌县,2020,1343492,257978,471507,2712
寻乌县,2020,1026817,244521,308428,2352
石城县,2020,844201,181297,237700,1567
瑞金市,2020,1746884,274303,628603,2441
龙南市,2020,1715248,155774,872662,1646
吉安县,2020,2089807,297522,1133854,2098
吉水县,2020,1810984,262320,670178,2510
峡江县,2020,777848,121316,291169,1298
新干县,2020,1746576,210343,816350,1248
永丰县,2020,1909040,231776,832918,2710
泰和县,2020,2023699,279582,934397,2495
遂川县,2020,1711309,158741,722106,3144
万安县,2020,930911,135961,319566,2038
安福县,2020,1636890,214683,715141,2794
永新县,2020,1151307,177841,288915,2181
井冈山市,2020,754733,83711,122341,1453
奉新县,2020,1919721,226715,858350,1642
万载县,2020,2090137,212117,950937,1720
上高县,2020,2251701,271985,1018836,1350
宜丰县,2020,1545490,241195,690060,1934
靖安县,2020,670439,83006,246849,1377
铜鼓县,2020,569053,79763,194265,1552
丰城市,2020,5352211,785631,2363209,2845
樟树市,2020,4247369,448776,1866288,1289
高安市,2020,4684480,464873,1648287,2429
东乡区,2020,1859413,264988,788958,1268
南城县,2020,1529678,189767,548180,1713
黎川县,2020,854510,119487,287399,1709
南丰县,2020,1423884,336160,343813,1913
崇仁县,2020,1345334,290615,438095,1521
乐安县,2020,760230,114802,224145,2411
宜黄县,2020,859145,102312,349326,1937
金溪县,2020,958877,140650,306742,1353
资溪县,2020,449699,43968,121265,1248
广昌县,2020,822929,120383,272757,1603
广丰区,2020,4518903,266902,2275648,1377
广信区,2020,2898554,225636,1479837,2232
玉山县,2020,2258661,199440,949713,1732
铅山县,2020,1604138,197554,613514,2178
横峰县,2020,864442,71220,449554,654
弋阳县,2020,1280483,247760,367570,1573
余干县,2020,2082216,470668,604519,2331
鄱阳县,2020,2558052,669671,755956,4215
万年县,2020,1742598,205815,846750,1148
婺源县,2020,1353222,112569,314364,2968
东明县,2020,4220425,330014,2529315,1370
中牟县,2020,4358543,249382,1238398,953
巩义市,2020,8265736,126567,4799845,1043
荥阳市,2020,5460285,285372,2675792,943
新密市,2020,7062901,236113,3668047,1001
肥东县,2020,7034465,763995,2323974,2182
肥西县,2020,8701644,619139,3598286,1695
庐江县,2020,4814281,574197,1628984,2344
巢湖市,2020,4982522,437065,1852532,2046
芜湖县,2020,3300197,225702,1714649,650
繁昌县,2020,3124066,123739,1770402,585
南陵县,2020,2814129,360172,1197574,1264
无为市,2020,5110375,561336,2481233,2022
怀远县,2020,4250562,752260,1676692,2192
五河县,2020,2585750,642130,583188,1428
固镇县,2020,3115845,823058,1251887,1361
凤台县,2020,3058847,384054,1517273,894
寿县,2020,2229732,555173,564321,2948
当涂县,2020,4634954,343664,2351585,1002
含山县,2020,2042081,230315,790708,1028
和县,2020,2667538,283577,970031,1319
濉溪县,2020,4909958,541540,2426502,1982
义安区,2020,1588031,144735,666847,796
枞阳县,2020,1682382,301046,413436,1473
怀宁县,2020,3122696,252353,1602173,1276
太湖县,2020,1981192,315083,748996,2040
宿松县,2020,2431549,501350,964706,2394
望江县,2020,1908305,331514,798884,1348
岳西县,2020,1244034,174463,456538,2372
桐城市,2020,3928258,347544,1970854,1546
潜山市,2020,2167111,293194,938341,1688
歙县,2020,2001530,199013,724079,2122
休宁县,2020,1163242,151192,458987,2126
黟县,2020,456391,44683,150349,857
祁门县,2020,777038,76227,243031,2215
来安县,2020,3269785,261799,1572564,1499
全椒县,2020,2818464,282014,1203000,1568
定远县,2020,3265235,689377,1035934,3001
凤阳县,2020,4144195,449370,1806879,1937
天长市,2020,5492791,392053,3359095,1754
明光市,2020,2466519,414687,714214,2350
临泉县,2020,3946222,908469,954298,1839
太和县,2020,4760406,598702,2009348,1867
阜南县,2020,2895012,627756,847128,1801
颍上县,2020,4159325,649347,1621827,1987
界首市,2020,3464550,324940,1987297,667
砀山县,2020,2468581,418615,768539,1197
萧县,2020,3932439,699515,1652845,1854
灵璧县,2020,2890452,629511,678268,2124
泗县,2020,2709867,605896,790076,1857
霍邱县,2020,2275870,624253,553273,3239
舒城县,2020,3065375,363209,1397445,2100
金寨县,2020,1969459,253119,848071,3919
霍山县,2020,1662570,210540,694640,2043
涡阳县,2020,3807020,609540,1382686,2110
蒙城县,2020,3914611,623093,1044715,2144
利辛县,2020,3315828,532755,982333,2005
东至县,2020,2114010,329354,891527,3261
石台县,2020,282585,51604,62648,1413
青阳县,2020,1565644,135810,601521,1196
郎溪县,2020,1836003,192264,977681,1101
泾县,2020,1302132,198960,505256,2055
绩溪县,2020,883214,143100,395512,1116
旌德县,2020,549199,84557,223780,905
宁国市,2020,3846444,257753,2228360,2487
孝义市,2020,3127769,78239,1905230,938
汾阳市,2020,1756513,77105,887524,1181
土默特左旗,2020,1911800,387100,688200,2765
托克托县,2020,1421900,214400,587400,1407
和林格尔县,2020,1825400,230200,893300,3448
清徐县,2020,1948319,101008,1154627,608
阳曲县,2020,621886,64172,394678,2084
娄烦县,2020,310226,24880,151134,1289
古交市,2020,605742,23444,373142,1512
云州区,2020,1273464,78266,631337,1478
阳高县,2020,552958,150539,132001,1598
天镇县,2020,406904,89381,96235,1709
广灵县,2020,423615,80920,128966,1284
灵丘县,2020,543226,55209,163424,2732
浑源县,2020,476797,98234,78036,1968
左云县,2020,1061209,29446,624771,1297
平定县,2020,1146995,46449,587333,1390
盂县,2020,1311934,38422,688506,2523
上党区,2020,2200841,77134,1348420,482
屯留区,2020,1368264,69116,923145,1190
潞城区,2020,1284375,39361,816197,614
襄垣县,2020,2247510,56329,1501753,1178
平顺县,2020,243258,33039,54873,1510
黎城县,2020,336597,25975,90917,1113
壶关县,2020,587635,61621,216275,1008
长子县,2020,1795717,106327,1178941,1029
武乡县,2020,650016,43845,276230,1615
沁县,2020,328587,56369,61059,1320
沁源县,2020,1348026,27578,910361,2549
沁水县,2020,2271783,93096,1684794,2658
阳城县,2020,2446440,104838,1468766,1917
陵川县,2020,485611,63361,97896,1751
泽州县,2020,3005281,147598,2054959,2024
高平市,2020,2523229,151381,1311743,980
山阴县,2020,1510114,104288,625218,1651
应县,2020,767904,209541,91067,1708
右玉县,2020,853182,62717,337657,1969
怀仁市,2020,2280323,130296,1102693,1234
太谷区,2020,1047321,238604,238430,1046
榆社县,2020,375901,51937,132817,1701
左权县,2020,578066,49147,271912,2020
和顺县,2020,668891,35685,375109,2250
昔阳县,2020,939277,53680,554741,1946
寿阳县,2020,1300016,110016,763293,2110
祁县,2020,888586,191356,198912,854
平遥县,2020,1123902,124633,304727,1254
灵石县,2020,2433869,40946,1611242,1202
介休市,2020,2418907,54906,1537397,741
临猗县,2020,1577819,541452,231988,1362
万荣县,2020,823463,249227,174323,1076
闻喜县,2020,1514917,199567,687916,1168
稷山县,2020,922255,145780,302349,686
新绛县,2020,1229504,202340,622047,597
绛县,2020,639085,103990,173070,978
垣曲县,2020,678252,77698,261860,1610
夏县,2020,632177,221453,99712,1351
平陆县,2020,533505,105272,161177,1174
芮城县,2020,953899,275664,216642,1176
永济市,2020,1283155,251813,392319,1208
河津市,2020,2598729,103017,1588795,593
定襄县,2020,565551,50938,274820,851
五台县,2020,521577,55006,121769,2428
代县,2020,716203,36864,421061,1729
繁峙县,2020,756980,73305,345073,2368
宁武县,2020,727877,23386,414224,1944
静乐县,2020,372090,44225,140124,2058
神池县,2020,280128,94693,39291,1471
五寨县,2020,314249,50900,17474,1388
岢岚县,2020,330898,43220,74090,1984
河曲县,2020,1145919,38566,708650,1317
保德县,2020,827659,47677,505897,998
偏关县,2020,329251,37381,156435,1685
原平市,2020,1466336,148973,754682,2550
曲沃县,2020,1157678,170086,655614,437
翼城县,2020,741494,120312,171148,1168
襄汾县,2020,1304965,162345,580606,1031
洪洞县,2020,1500712,104047,669476,1495
古县,2020,505587,25011,332121,1196
安泽县,2020,644989,37236,451225,1960
浮山县,2020,391827,46571,196601,940
吉县,2020,240549,83627,71691,1780
乡宁县,2020,1421784,46810,1055296,2025
大宁县,2020,109624,20299,32024,962
隰县,2020,202592,62921,21183,1413
永和县,2020,175018,28000,81490,1214
蒲县,2020,926106,29617,719932,1513
汾西县,2020,244299,36350,48881,875
侯马市,2020,1208420,31466,289037,220
霍州市,2020,810839,36230,399501,765
离石区,2020,1547183,23242,678188,1324
文水县,2020,792483,137612,277624,1069
交城县,2020,849035,39871,545435,1827
兴县,2020,1342035,43886,1017410,3166
临县,2020,1023423,124730,479224,2977
柳林县,2020,2205406,40376,1582741,1287
石楼县,2020,173860,46856,16463,1735
岚县,2020,444593,35876,250896,1513
方山县,2020,518238,31836,360459,1434
中阳县,2020,1175908,29627,915352,1439
交口县,2020,423875,39227,245165,1272
闽清县,2020,3448818,361879,1849035,1494
永泰县,2020,3003121,564711,1399206,2227
平潭县,2020,3014269,360332,844367,393
福清市,2020,12285407,1099989,6193966,1701
仙游县,2020,5214850,222949,2570802,1841
明溪县,2020,1110025,209177,537943,1730
清流县,2020,1545774,243264,828041,1806
宁化县,2020,2019714,292237,910005,2408
大田县,2020,2287200,451100,1152600,2233
尤溪县,2020,2238656,521300,844691,3420
沙县,2020,3238680,324137,1903641,1799
将乐县,2020,1653097,204693,816568,2241
泰宁县,2020,1030650,149008,502059,1529
建宁县,2020,1402913,189192,792178,1716
永安市,2020,4462598,374914,2625319,2931
惠安县,2020,13177131,319447,9364062,709
安溪县,2020,7476259,562436,3794951,3057
永春县,2020,4945200,264700,3067700,1468
德化县,2020,2876576,127450,1700795,2232
石狮市,2020,9371600,242900,4230500,178
晋江市,2020,26161065,202590,15773237,744
南安市,2020,13527225,364909,7913955,2024
云霄县,2020,2316541,386023,989123,1051
漳浦县,2020,4956054,887552,1574377,2149
诏安县,2020,2876340,562778,1353651,1294
长泰县,2020,3445370,197616,2256503,900
东山县,2020,1982500,380300,708300,249
南靖县,2020,3453305,752912,1546467,1962
平和县,2020,2545656,485003,671666,2310
华安县,2020,1707582,357324,878672,1278
龙海市,2020,11157500,799900,6349500,1337
建阳区,2020,2619442,393767,1063723,3383
顺昌县,2020,1283289,222116,452367,1980
浦城县,2020,1755381,397241,584921,3376
光泽县,2020,1172851,440418,374309,2240
松溪县,2020,801636,141960,291460,1043
政和县,2020,983190,186506,364859,1744
邵武市,2020,2416636,293655,1072727,2859
武夷山市,2020,2080500,285105,746492,2803
建瓯市,2020,2802900,530300,994200,4199
永定区,2020,2858289,396948,1126424,2226
长汀县,2020,3097690,413782,1371535,3099
上杭县,2020,4318658,604638,1793805,2855
武平县,2020,2733771,410137,1144724,2638
连城县,2020,2765504,407727,1230329,2579
漳平市,2020,2746985,371839,1176534,2956
霞浦县,2020,2644794,693451,653628,1708
古田县,2020,2049739,490287,521212,2377
屏南县,2020,918376,163689,235954,1486
寿宁县,2020,1046773,173940,381082,1433
周宁县,2020,761561,84120,235252,1036
柘荣县,2020,752271,89142,321465,538
福安市,2020,6001627,534273,3711425,1810
福鼎市,2020,4186851,607005,2190428,1526
越西县,2020,535951,149275,80592,2257
甘洛县,2020,418549,85751,137023,2156
美姑县,2020,370566,130280,43423,2515
雷波县,2020,693666,156003,286170,2838
开阳县,2020,2370368,411360,878081,2023
竹山县,2020,1171223,320674,393271,3586
竹溪县,2020,876794,257288,183898,3310
房县,2020,1204570,358652,289549,5110
丹江口市,2020,2700669,336135,1051344,3121
夷陵区,2020,5316613,736502,1983031,3439
远安县,2020,1744447,218056,798956,1740
兴山县,2020,1239850,153739,503370,2317
秭归县,2020,1575469,311653,500710,2428
长阳土家族自治县,2020,1564442,408794,411096,3436
五峰土家族自治县,2020,807570,226541,228110,2369
宜都市,2020,6430234,530836,3191418,1357
当阳市,2020,4933471,919634,1860582,2150
枝江市,2020,5639980,917895,2382229,1375
襄州区,2020,7282195,1115973,3045864,2467
南漳县,2020,2933494,563381,970182,3859
谷城县,2020,3858578,471808,2008265,2553
保康县,2020,1329381,262110,545800,3222
老河口市,2020,3424358,572513,1297241,1052
枣阳市,2020,6549819,1093861,2717316,3276
宜城市,2020,3558000,635000,1525000,2115
沙洋县,2020,3168000,695400,1205800,2280
钟祥市,2020,5265400,801000,2364600,4488
京山市,2020,4031149,643821,1853024,3743
孝昌县,2020,1379044,401691,307789,1191
大悟县,2020,1713407,447036,396053,1982
云梦县,2020,1995693,432104,707659,605
应城市,2020,3805326,578537,1619862,1103
安陆市,2020,2454400,410100,868800,1353
汉川市,2020,6456647,763506,3343674,1659
公安县,2020,3111244,714075,1121540,2257
监利县,2020,2887518,1063058,572813,3201
江陵县,2020,1090503,288006,341481,1049
石首市,2020,2088605,462030,699509,1406
洪湖市,2020,2868121,854300,807572,2444
松滋市,2020,3304598,469019,1377223,2177
团风县,2020,1077668,175323,540001,833
红安县,2020,1979276,277972,939040,1796
罗田县,2020,1455861,305109,378141,2130
英山县,2020,1071600,375600,215700,1449
浠水县,2020,2360288,699026,529428,1974
蕲春县,2020,2476423,554541,711350,2398
黄梅县,2020,2353929,593457,781211,1800
麻城市,2020,3403500,662200,1303400,3747
武穴市,2020,3106000,583400,1249700,1246
嘉鱼县,2020,2753900,471600,1363500,1020
通城县,2020,1622700,296300,605100,1131
崇阳县,2020,1486000,314400,435400,1959
通山县,2020,1335668,218637,441156,2421
赤壁市,2020,4433900,528800,1855600,1718
随县,2020,2576839,761895,1186043,5543
广水市,2020,3373403,613302,1521960,2646
恩施市,2020,3569900,344300,1284600,3969
利川市,2020,1991469,412597,305856,4606
建始县,2020,1021900,212400,190900,2665
巴东县,2020,1252834,252774,315071,3352
宣恩县,2020,797253,211624,105144,2737
咸丰县,2020,931400,217600,105400,2523
来凤县,2020,820833,170417,118529,1342
鹤峰县,2020,649100,151600,106500,2868
仙桃市,2020,8279100,965000,3580200,2538
息烽县,2020,1528131,243795,493029,1037
修文县,2020,1885808,299251,872439,1076
清镇市,2020,2809118,334654,1095497,1387
六枝特区,2020,1336400,435526,270494,1800
水城县,2020,3250714,487721,1791705,3603
盘州市,2020,5717373,708627,2898734,4056
播州区,2020,3536892,588500,1483932,2488
桐梓县,2020,1659640,407600,507690,3208
绥阳县,2020,1080300,419800,154200,2546
正安县,2020,1227300,338300,196100,2590
道真仡佬族苗族自治县,2020,794872,270400,136762,2156
务川仡佬族苗族自治县,2020,849098,283900,127388,2777
凤冈县,2020,850564,316200,141304,1885
湄潭县,2020,1180747,354500,261967,1866
余庆县,2020,856402,258700,213002,1622
习水县,2020,2088468,392400,898938,3128
赤水市,2020,1061700,215900,368100,1852
仁怀市,2020,13641141,347700,9465761,1788
平坝区,2020,1357000,239100,535800,999
普定县,2020,1364300,260100,416400,1092
镇宁布依族苗族自治县,2020,1161300,276500,249100,1717
关岭布依族苗族自治县,2020,1048500,275500,207400,1464
紫云苗族布依族自治县,2020,795900,273400,134200,2284
七星关区,2020,5000600,933600,1275500,3411
大方县,2020,2282891,507041,549308,3500
黔西县,2020,2239400,455600,682600,2555
金沙县,2020,2372300,424464,915433,2523
织金县,2020,2182300,463600,660600,2865
纳雍县,2020,1729420,413037,508268,2452
威宁彝族回族苗族自治县,2020,2878266,1158835,493456,6299
赫章县,2020,1518688,509316,249322,3243
碧江区,2020,2295066,176104,778604,1009
万山区,2020,779773,123839,261548,840
江口县,2020,701106,191401,136603,1877
玉屏侗族自治县,2020,933320,124280,367712,524
石阡县,2020,1151890,342656,197219,2173
思南县,2020,1747800,456200,417300,2216
印江土家族苗族自治县,2020,1197648,352307,226261,1968
德江县,2020,1453136,348575,299160,2070
沿河土家族自治县,2020,1316952,379112,234789,2484
松桃苗族自治县,2020,1701165,399440,406564,2859
兴义市,2020,4932260,481731,1763453,2908
兴仁市,2020,1916397,342904,756745,1778
普安县,2020,1000177,227586,323689,1454
晴隆县,2020,885287,227963,235568,1310
贞丰县,2020,1521486,314613,624747,1509
望谟县,2020,1004753,298029,202932,3018
册亨县,2020,803201,242907,204150,2597
安龙县,2020,1470438,357767,518711,2232
凯里市,2020,2817602,196886,524449,1570
黄平县,2020,693473,220073,123427,1670
施秉县,2020,365377,112563,67807,1532
三穗县,2020,511499,108537,126935,1030
镇远县,2020,617102,165274,121820,1890
岑巩县,2020,599967,110644,181047,1490
天柱县,2020,815416,218732,186559,2178
锦屏县,2020,597349,108221,231034,1619
剑河县,2020,595781,145897,131323,2182
台江县,2020,453998,90909,175800,1078
黎平县,2020,982809,241358,211684,4458
榕江县,2020,846176,216907,155141,3296
从江县,2020,736995,218562,112996,3225
雷山县,2020,424889,92927,67625,1204
麻江县,2020,439913,106564,80685,957
丹寨县,2020,416892,94042,86970,942
都匀市,2020,2233883,225673,390572,2285
福泉市,2020,1917814,198266,956362,1692
荔波县,2020,679401,121437,98479,2415
贵定县,2020,1241906,157334,620751,1627
瓮安县,2020,1562454,315599,472610,1963
独山县,2020,1293919,232902,519968,2442
平塘县,2020,902500,243300,178100,2805
罗甸县,2020,806099,208515,237401,3013
长顺县,2020,850124,173254,285247,1549
龙里县,2020,2202288,143945,1142116,1521
新郑市,2020,13355698,256505,7204728,707
登封市,2020,4527719,225816,2148100,1217
祥符区,2020,2814725,670288,1102450,1251
杞县,2020,3708200,1019300,1193900,1257
通许县,2020,2785500,640300,992000,767
尉氏县,2020,4318143,643053,2031760,1297
兰考县,2020,3832374,514690,1689491,1116
孟津县,2020,3391661,259947,1911253,759
新安县,2020,5244773,246180,2893544,1164
栾川县,2020,2732846,150097,1403392,2477
嵩县,2020,2058433,310282,677676,3007
汝阳县,2020,1852998,147814,787722,1328
宜阳县,2020,3175597,391322,1231668,1617
洛宁县,2020,2084783,326046,748036,2304
